Target,pdbid(IF),pdbid(OF),Length,TM-score,RMSD
TM_0287,3QF4_A,6QV1_C,587,0.465,5.160
SLC1A1_OUT,6S3Q_A,6X3E_A,526,0.477,4.920
SLC39,6BTX_A,5AYM_A,440,0.460,5.310
PTSG,6BVG_A,5IWS_A,470,0.535,4.840
MDFA,6VS1_A,6GV1_A,410,0.600,4.200
MFSD2A_OUT,7MJS_X,7N98_A,534,0.541,4.540
WLAB_OUT,5C78_A,6HRC_D,564,0.385,4.990
A5U30_003247,6E9N_B,6E9O_B,460,0.598,4.180
PF0708,6FHZ_A,3VVS_A,461,0.532,4.730
MURJ,6NC7_A,6NC9_A,475,0.403,5.600
AAC3_OUT,6GCI_A,4C9J_B,322,0.379,4.820
TT_C0976,5MKK_B,6RAJ_B,578,0.645,4.450
SPF1,6XMS_A,6XMU_A,1239,0.391,0.874
MELB,7L17_A,4M64_A,486,0.508,4.400
CYME_CMD148C_OUT,6A6N_A,7DQV_A,620,0.630,4.300
TM_0287V2,4Q4A_B,6QV1_B,599,0.465,5.420